{
  "hash": "2f2a99ff",
  "configHash": "7aab4316",
  "lockfileHash": "54e6790c",
  "browserHash": "7f5e306f",
  "optimized": {
    "@angular/common": {
      "src": "../../../../../../node_modules/@angular/common/fesm2022/common.mjs",
      "file": "@angular_common.js",
      "fileHash": "6e68d5b5",
      "needsInterop": false
    },
    "@angular/common/http": {
      "src": "../../../../../../node_modules/@angular/common/fesm2022/http.mjs",
      "file": "@angular_common_http.js",
      "fileHash": "2dc9c411",
      "needsInterop": false
    },
    "@angular/core": {
      "src": "../../../../../../node_modules/@angular/core/fesm2022/core.mjs",
      "file": "@angular_core.js",
      "fileHash": "4466d4e2",
      "needsInterop": false
    },
    "@angular/forms": {
      "src": "../../../../../../node_modules/@angular/forms/fesm2022/forms.mjs",
      "file": "@angular_forms.js",
      "fileHash": "82ce08c2",
      "needsInterop": false
    },
    "@angular/platform-browser": {
      "src": "../../../../../../node_modules/@angular/platform-browser/fesm2022/platform-browser.mjs",
      "file": "@angular_platform-browser.js",
      "fileHash": "7002398d",
      "needsInterop": false
    },
    "@angular/router": {
      "src": "../../../../../../node_modules/@angular/router/fesm2022/router.mjs",
      "file": "@angular_router.js",
      "fileHash": "84dabe49",
      "needsInterop": false
    }
  },
  "chunks": {
    "chunk-77T4RW2Q": {
      "file": "chunk-77T4RW2Q.js"
    },
    "chunk-HVF36QVL": {
      "file": "chunk-HVF36QVL.js"
    },
    "chunk-55WSUAAI": {
      "file": "chunk-55WSUAAI.js"
    },
    "chunk-SOL5XZJW": {
      "file": "chunk-SOL5XZJW.js"
    },
    "chunk-LKBYGJ3F": {
      "file": "chunk-LKBYGJ3F.js"
    }
  }
}